"","GSIName","OrigName","SrcName","Type","Depth_m","Dpth.Rck_m","DTRConfid","DrillDate","Easting","Northing","Loc_Acc","Townland","Town","County","SixInShtNo","SourceUse","YldClass","ProdClass","Yield_m3d","Abstr_m3d","Ovrflw_m3d","AbstrDDm","SC_m3dm","cas1dia_mm","Wtrstrk1_m","Wtrstrk2_m","Wtrstrk3_m","Wtrstrk4_m","Wtrloss1_m","GenComms","DrillComms","CasingComs"
"1","2613NEW055",NA,NA,"Borehole",36,4.9,"Bedrock Met",1998-12-19,278000,144250,"to 100m","BALLYGLISHEEN",NA,"Carlow",24,"Agri & domestic use","Moderate",NA,87.3,NA,NA,NA,NA,165,24.4,NA,NA,NA,NA,NA,NA,"Max safe yield: 76.4m3/day"
"2","2613NEW056",NA,NA,"Borehole",56.4,6.1,"Bedrock Met",2000-08-28,277370,144920,"to 100m","INCH",NA,"Carlow",24,"Agri & domestic use","Poor","V",32.7,NA,NA,NA,2.68,165,45.7,NA,NA,NA,NA,NA,NA,NA
"3","2613NWW237",NA,NA,"Borehole",50.3,1.5,"Bedrock Met",2000-05-12,274870,143650,"to 100m","NEWTOWN",NA,"Carlow",24,"Agri & domestic use","Poor","V",21.8,NA,NA,NA,2.39,152,18.3,25,31.1,44.2,NA,NA,NA,NA
"4","2613NWW238",NA,NA,"Borehole",55.5,13.7,"Bedrock Met",2003-09-09,273510,144510,"to 100m","BALLYKEENAN",NA,"Carlow",24,"Domestic use only","Poor","V",32.7,NA,NA,15.2,2.15,152,38.1,51.8,NA,NA,NA,"Drilled by Tom Fogarty",NA,NA
"5","2613SWW215","Carlow Co. Council Pump No.102","Carlow Co. Council","Borehole",16.5,4.3,"Bedrock Met",NA,274200,139450,"to 100m","BAHANA","Turra","Carlow",26,NA,"Moderate",NA,54.6,NA,NA,NA,NA,NA,NA,NA,NA,NA,NA,NA,"GLYNN SCHOOL",NA
"6","2615NEW017",NA,NA,"Dug well",4.3,NA,"DTB Unknown",NA,278700,166300,"to 100m","KILBRICKAN",NA,"Carlow",13,NA,NA,NA,NA,NA,NA,NA,NA,NA,NA,NA,NA,NA,NA,NA,"KILBRICKAN HOUSE",NA
"7","2615NEW087",NA,NA,"Borehole",31.4,1.8,"Bedrock Met",2001-08-30,284780,160120,"to 100m","ACLARE",NA,"Carlow",17,"Agri & domestic use","Moderate","IV",54.5,NA,NA,NA,4.47,152,15.2,27.7,NA,NA,NA,NA,NA,NA
"8","2615NWW072",NA,NA,"Borehole",24.4,NA,"Bedrock Not Met",NA,268940,165370,"to 100m","LEIGHLINBRIDGE",NA,"Carlow",12,NA,NA,NA,NA,NA,NA,NA,NA,NA,NA,NA,NA,NA,NA,NA,"PUMP LANE",NA
"9","2615NWW104",NA,NA,"Borehole",33.5,3.4,"Bedrock Met",1967-02-01,273580,162070,"to 100m","BALLYMOON",NA,"Carlow",16,NA,"Poor",NA,13.1,NA,NA,NA,NA,NA,NA,NA,NA,NA,NA,NA,"BALLYMOON HOUSE","DATE: DEC-1966"
"10","2615NWW150",NA,"Carlow Co. Council","Borehole",61,NA,"DTB Unknown",1978-07-17,273600,167100,"to 100m","NURNEY",NA,"Carlow",11,"Public supply (Co Co)","Moderate","IV",98.2,NA,NA,NA,3.55,152,NA,NA,NA,NA,NA,NA,"county offices, Carlow",NA
"11","2615NWW230","WG 178",NA,"Borehole",61,15.2,"Bedrock Met",1998-06-25,263690,166680,"to 100m","RIDGE",NA,"Carlow",11,"Agri & domestic use","Moderate","V",65.5,NA,NA,NA,2.15,152,30.5,48.8,NA,NA,NA,NA,NA,NA
"12","2615NWW236","WG 167",NA,"Borehole",67.1,2.9,"Bedrock Met",1998-08-18,272110,163280,"to 100m","BOHERMORE",NA,"Carlow",16,"Agri & domestic use","Poor","V",21.8,NA,NA,NA,3.57,152,12.2,30.5,45.7,57.9,NA,NA,NA,NA
"13","2615NWW239","WG 323",NA,"Borehole",48.8,12.2,"Bedrock Met",1999-03-22,274480,169740,"to 100m","BALLYLOO",NA,"Carlow",7,"Agri & domestic use","Poor","III",21.8,NA,NA,NA,72.7,152,33.5,NA,NA,NA,NA,NA,NA,NA
"14","2615NWW249","WG 458",NA,"Borehole",62.5,0.9,"Bedrock Met",NA,263990,167180,"to 100m","RIDGE",NA,"Carlow",11,"Agri & domestic use","Moderate",NA,54.6,NA,NA,NA,NA,152,18.9,24.4,39.6,57.9,NA,NA,NA,NA
"15","2615SEW090","WG 297",NA,"Borehole",27.4,4.6,"Bedrock Met",1999-08-01,276810,152410,"to 100m","KNOCKSQUIRE",NA,"Carlow",22,"Agri & domestic use","Moderate","IV",43.6,NA,NA,NA,14.3,165,21.3,NA,NA,NA,NA,NA,NA,NA
"16","2615SEW091","WG 196",NA,"Borehole",36,4,"Bedrock Met",2000-01-14,279120,152000,"to 100m","KILLEDMOND",NA,"Carlow",20,"Agri & domestic use","Moderate","III",65.5,NA,NA,NA,21.76,165,27.4,NA,NA,NA,NA,NA,NA,NA
"17","2615SEW096",NA,NA,"Borehole",42.7,7.6,"Bedrock Met",2000-12-09,289550,154900,"to 100m","BARNAHASK",NA,"Carlow",21,"Agri & domestic use","Poor","IV",38.2,NA,NA,NA,6.26,152,18.3,33.5,NA,NA,NA,NA,NA,NA
"18","2615SEW097","WG 275",NA,"Borehole",41.1,3.1,"Bedrock Met",1998-04-04,289290,156160,"to 100m","CLONMULLEN",NA,"Carlow",21,"Agri & domestic use","Poor","III",21.8,NA,NA,NA,72.7,152,9.1,24.4,NA,NA,NA,NA,NA,NA
"19","2615SWW270",NA,NA,"Borehole",36.6,9.8,"Bedrock Met",1999-12-04,274440,156290,"to 100m","CORRIES & CORRYMORE",NA,"Carlow",19,"Agri & domestic use","Poor","V",18.55,NA,NA,NA,1.79,152,20.7,28,36,NA,NA,NA,NA,NA
"20","2617NEW030",NA,NA,"Borehole",45.7,NA,"DTB Unknown",1996-01-01,288860,182420,"to 100m","RATHVILLY",NA,"Carlow",4,"Domestic use only","Poor",NA,10,NA,NA,NA,NA,NA,NA,NA,NA,NA,NA,"Q ESTIMATED BY DRILLER, DEPTH OF CASING > DEPTH TO ROCK",NA,NA
"21","2617NEW530",NA,NA,"Borehole",30,NA,"DTB Unknown",NA,288450,181750,"to 100m","KNOCKROE","RATHVILLY","Carlow",4,NA,"Moderate",NA,60,NA,NA,NA,NA,150,NA,NA,NA,NA,NA,NA,"HIGH NO3 - TILLAGE AREA
HOUSE 100M AWAT 35M DEEP, NO3 = 40MG/L",NA
"22","2617SEW175","WG 118",NA,"Borehole",33.5,6.1,"Bedrock Met",1998-04-30,278820,172900,"to 100m","KELLISTOWN EAST",NA,"Carlow",8,"Agri & domestic use","Poor","II",32.7,NA,NA,NA,109,152,18.3,27.4,NA,NA,NA,NA,NA,"Q/S, if S=0.3m"
"23","2617SEW178",NA,NA,"Borehole",61,6.1,"Bedrock Met",2000-11-16,286360,176900,"to 100m","KILMAGARVOGE",NA,"Carlow",8,"Agri & domestic use","Poor","III",21.8,NA,NA,NA,72.7,152,33.5,NA,NA,NA,NA,NA,NA,NA
"24","2617SEW181","WG 298",NA,"Borehole",46.3,5.5,"Bedrock Met",1998-11-29,285610,175130,"to 100m","TULLOWPHELIM",NA,"Carlow",8,"Agri & domestic use","Poor","V",32.7,NA,NA,NA,1.53,152,21.3,40,NA,NA,NA,NA,NA,NA
"25","2617SWW347","CW 6/1","Carlow Co. Council","Borehole",NA,NA,"DTB Unknown",NA,265120,172570,"to 100m","BALLINABRANAGH",NA,"Carlow",6,"Public supply (Co Co)",NA,NA,NA,NA,NA,NA,NA,NA,NA,NA,NA,NA,NA,NA,NA,NA
"26","2617SWW350","CW 6/4",NA,"Spring",0,0,"Bedrock Met",1976-06-01,264870,172670,"to 100m","CLOGRENAN","Bilboa","Carlow",6,"Domestic use only",NA,NA,NA,NA,NA,NA,NA,1200,NA,NA,NA,NA,NA,NA,"Near Campbells's Bridge, 2 fields from road.","Has overflow"
"27","2617SWW351","CW 6/5",NA,"Dug well",5.5,NA,"Bedrock Not Met",1976-06-01,265150,172580,"to 100m","CLOGRENAN","Bilboa","Carlow",6,"Domestic use only",NA,NA,NA,NA,NA,NA,NA,910,3.4,NA,NA,NA,NA,NA,"Back of House, near Campbell's Bridge","clear water, electric Pump, concrete lined"
"28","2617SWW365","32206",NA,"Borehole",43.6,13.1,"Bedrock Met",1988-04-03,271350,176810,"to 100m","GRAIGUE CULLEN",NA,"Carlow",7,"Domestic use only","Moderate",NA,76.4,NA,NA,NA,NA,152,13.1,19.2,NA,NA,NA,NA,NA,NA
"29","2617SWW374","39754",NA,"Borehole",92.4,18.3,"Bedrock Met",1988-02-11,271770,177020,"to 100m","CARLOW TOWN",NA,"Carlow",7,"Industrial use","Good",NA,218.2,NA,NA,NA,NA,203,NA,NA,NA,NA,NA,NA,"Athy Road.","casing no. 1: steel, , No. 2: slotted screen"
"30","2617SWW426","WG 108",NA,"Borehole",25.9,NA,"Bedrock Not Met",1998-03-01,270660,170020,"to 100m","CLOGHRISTICK",NA,"Carlow",12,"Agri & domestic use","Good","I",218.2,NA,NA,NA,72.7,152,12.2,NA,NA,NA,NA,NA,NA,"Max safe yield=163.7m3/day"
"31","2617SWW427","ILC 1297 A",NA,"Borehole",20.7,NA,"Bedrock Not Met",1970-08-05,270620,170120,"to 100m","CLOGHRISTICK",NA,"Carlow",12,"Agri & domestic use","Poor","III",21.4,NA,NA,NA,70.2,127,NA,NA,NA,NA,NA,NA,NA,NA
"32","2617SWW429","ILC 824","Browne's Hills Est","Borehole",17.7,10.7,"Bedrock Met",1961-09-02,274160,175590,"to 100m","CHAPELSTOWN",NA,"Carlow",7,"Agri & domestic use","Moderate","I",87.3,NA,NA,NA,286.36,152,11.6,NA,NA,NA,NA,NA,NA,NA
"33","2617SWW430","ILC 822","Browne's Hills Est","Borehole",18.3,12.2,"Bedrock Met",1961-08-04,274420,176030,"to 100m","CHAPELSTOWN",NA,"Carlow",7,"Agri & domestic use","Moderate",NA,54.55,NA,NA,NA,NA,152,14,NA,NA,NA,NA,NA,NA,NA
"34","2917SWW052",NA,NA,"Borehole",31,NA,"DTB Unknown",1996-01-01,298230,177470,"to 100m","BALLINAGILKY",NA,"Carlow",10,"Domestic use only","Poor",NA,25,NA,NA,NA,NA,NA,NA,NA,NA,NA,NA,"Q ESTIMATED BY DRILLER, DEPTH OF CASING > DEPTH TO ROCK",NA,NA
"35","2917SWW238","WG 327",NA,"Borehole",62.5,2.1,"Bedrock Met",1999-04-02,294490,179240,"to 100m","STRALUSKY",NA,"Carlow",4,"Agri & domestic use","Poor","III",38.2,NA,NA,NA,38.2,152,9.1,24.4,45.7,59.4,NA,NA,NA,NA
"36","2917SWW239","WG 385",NA,"Borehole",67.1,4.6,"Bedrock Met",1999-09-07,296290,175280,"to 100m","CLONMORE",NA,"Carlow",9,"Agri & domestic use","Poor","V",13.1,NA,NA,NA,0.72,152,33.5,57.9,NA,NA,NA,NA,NA,NA
"37","2613NEW034","Carlow Co. Council Pump No.179","Carlow Co. Council","Borehole",14.6,1.8,"Bedrock Met",NA,276690,145080,"to 200m","CLANAGH",NA,"Carlow",24,NA,"Moderate",NA,43.6,NA,NA,NA,NA,NA,7.6,9.1,NA,NA,NA,NA,NA,"STRIKE No. 2= WATER STRUCK AND RISING."
"38","2613SWW208","W/CLW 787",NA,"Borehole",16.5,14,"Bedrock Met",1966-02-01,273700,136790,"to 200m","DRUMMIN",NA,"Carlow",26,NA,"Poor",NA,17.5,NA,NA,NA,NA,NA,NA,NA,NA,NA,NA,NA,"DRUMMIN HOUSE","21st MARCH 1963"
"39","2613SWW216",NA,NA,"Borehole",8.8,NA,"Bedrock Not Met",1964-08-01,274220,139610,"to 200m","BAHANA","TURRA","Carlow",26,NA,NA,NA,NA,NA,NA,NA,NA,NA,NA,NA,NA,NA,NA,NA,"Glynn",NA
"40","2615NEW001","WTB/CLW 1133",NA,"Borehole",48.8,4.3,"Bedrock Met",1974-03-05,276190,169310,"to 200m","KNOKBOWER",NA,"Carlow",12,NA,"Moderate",NA,40.4,NA,NA,NA,NA,NA,NA,NA,NA,NA,NA,NA,NA,NA
"41","2615NEW002","Carlow County Council Pump No.225","Carlow County Council","Borehole",12.2,6.1,"Bedrock Met",NA,276190,169260,"to 200m","KNOCKBOWER",NA,"Carlow",12,NA,"Good",NA,274.3,NA,NA,NA,NA,NA,4.6,NA,NA,NA,NA,NA,NA,NA
"42","2615NEW006",NA,NA,"Borehole",23.2,NA,NA,1971-11-01,280520,165610,"to 200m","KILLANE",NA,"Carlow",13,NA,"Poor",NA,32.7,NA,NA,NA,NA,NA,NA,NA,NA,NA,NA,NA,NA,NA
"43","2615NEW011","Carlow County Council Pump No.147","Carlow County Council","Borehole",12.5,3.1,"Bedrock Met",NA,278620,169420,"to 200m","BALLYNUNNERY",NA,"Carlow",13,NA,"Moderate",NA,68.7,NA,NA,NA,NA,NA,5.5,7.6,9.1,10.7,NA,NA,NA,"STRIKE No. 5: 12.2  and water struck, rising to 2.4m.
"
"44","2615NEW012","Carlow County Council Pump No.162","Carlow County Council","Borehole",21.3,3.1,"Bedrock Met",NA,281430,168220,"to 200m","ARDBEARN",NA,"Carlow",13,NA,"Moderate",NA,65.5,NA,NA,NA,NA,NA,11.6,19.8,NA,NA,NA,NA,NA,"strike No.2= water struck and rising"
"45","2615NEW026","ESB XVI-9-13",NA,"Dug well",2.4,NA,"DTB Unknown",NA,289790,167390,"to 200m","LEANY",NA,"Carlow",14,NA,NA,NA,NA,NA,NA,NA,NA,NA,NA,NA,NA,NA,NA,NA,"BLACKLION",NA
"46","2615NEW027",NA,NA,"Borehole",37.5,NA,"DTB Unknown",1989-01-01,277910,163130,"to 200m","FENNAGH",NA,"Carlow",16,NA,"Moderate",NA,43.6,NA,NA,NA,NA,152,NA,NA,NA,NA,NA,"Drilled by Fogarty, Gowran, about 1989",NA,NA
"47","2615NEW030",NA,NA,"Borehole",3.7,NA,"DTB Unknown",1972-02-01,277910,163080,"to 200m","FENNAGH",NA,"Carlow",16,NA,"Poor",NA,32.7,NA,NA,NA,NA,NA,NA,NA,NA,NA,NA,NA,NA,NA
"48","2615NEW039","Carlow County Council Pump No.173","Carlow County Council","Borehole",15.2,4,"Bedrock Met",NA,278600,163400,"to 200m","BALLYDARTON",NA,"Carlow",17,NA,"Moderate",NA,65.5,NA,NA,NA,NA,NA,6.1,10.7,14.3,NA,NA,NA,NA,"STRIKE 3= WATER STRUCK AND RISING."
"49","2615NEW043","Carlow County Council Pump No.220","Carlow County Council","Borehole",12.5,3.1,"Bedrock Met",NA,282990,164160,"to 200m","CAPPAGH",NA,"Carlow",17,NA,"Moderate",NA,87.3,NA,NA,NA,NA,NA,4.6,NA,NA,NA,NA,NA,NA,NA
"50","2615NEW044","ESB XVIII-3-6",NA,"Dug well",1.2,NA,"DTB Unknown",NA,283920,164730,"to 200m","CRAANPURSHEEN",NA,"Carlow",17,NA,NA,NA,NA,NA,NA,NA,NA,NA,NA,NA,NA,NA,NA,NA,NA,NA
"51","2615NEW080","WTB/CLW 1062",NA,"Borehole",19.8,1.5,"Bedrock Met",1973-02-23,277750,167420,"to 200m","BALLINTRANE",NA,"Carlow",12,"Agri & domestic use","Poor",NA,38.2,NA,NA,NA,NA,NA,NA,NA,NA,NA,NA,NA,NA,NA
"52","2615NWW051",NA,NA,"Dug well",1.2,NA,"DTB Unknown",NA,267120,166220,"to 200m","COOLNAKEERAN",NA,"Carlow",11,NA,NA,NA,NA,NA,NA,NA,NA,NA,NA,NA,NA,NA,NA,NA,NA,NA
"53","2615NWW061",NA,NA,"Borehole",14.6,2,"Bedrock Met",1971-10-01,269100,166500,"to 200m","RATHVINDEN",NA,"Carlow",12,NA,"Poor",NA,27.3,NA,NA,NA,NA,NA,NA,NA,NA,NA,NA,NA,NA,NA
"54","2615NWW064",NA,NA,"Borehole",27.4,15.2,"Bedrock Met",1996-01-18,269100,166460,"to 200m","RATHVINDEN",NA,"Carlow",12,NA,"Moderate",NA,43.6,NA,NA,NA,NA,NA,21.3,NA,NA,NA,NA,NA,NA,NA
"55","2615NWW065","WTB/CLW 1155",NA,"Borehole",18.3,6.7,"Bedrock Met",1973-12-01,274570,168190,"to 200m","BALLYRYAN",NA,"Carlow",12,NA,"Poor",NA,35.5,NA,NA,NA,NA,NA,NA,NA,NA,NA,NA,NA,NA,NA
"56","2615NWW098",NA,NA,"Borehole",43.6,12.8,"Bedrock Met",1990-01-01,269310,161890,"to 200m","CLORUSK LOWER",NA,"Carlow",16,NA,"Moderate",NA,43.6,NA,NA,NA,NA,152,NA,NA,NA,NA,NA,NA,"ROYAL OAK",NA
"57","2615NWW282",NA,NA,"Borehole",55.5,16.4,"Bedrock Met",NA,266250,166840,"to 200m","JOHNDUFFSWOOD",NA,"Carlow",11,"Agri & domestic use","Moderate","V",45.8,NA,NA,NA,2.35,150,42.6,48.7,NA,NA,NA,NA,NA,"2 hr test"
"58","2615SEW040","WTB/CLW 974",NA,"Borehole",15.5,NA,"DTB Unknown",1972-01-01,275620,156370,"to 200m","CURRENREE",NA,"Carlow",19,NA,"Poor",NA,38.2,NA,NA,NA,NA,NA,NA,NA,NA,NA,NA,NA,NA,NA
"59","2615SEW065","Carlow Co. Council Pump No.171","Carlow Co. Council","Borehole",24.7,2.4,"Bedrock Met",NA,289280,157680,"to 200m","BUNNAGURRAGH",NA,"Carlow",21,NA,"Failure",NA,2.2,NA,NA,NA,NA,NA,6.1,NA,NA,NA,NA,NA,NA,NA
"60","2615SEW093","WG 415",NA,"Borehole",47.9,1.2,"Bedrock Met",1999-09-10,279520,152010,"to 200m","KILLEDMOND",NA,"Carlow",23,"Agri & domestic use","Poor","V",16.4,NA,NA,NA,0.54,165,30.5,NA,NA,NA,NA,NA,NA,NA
"61","2615SEW100",NA,NA,"Borehole",73.8,3.7,"Bedrock Met",2001-11-28,275200,157800,"to 200m","BALLYLOUGHAN",NA,"Carlow",19,"Agri & domestic use","Poor","V",32.7,NA,NA,NA,1.45,152,3.7,6.4,57.9,NA,NA,NA,NA,NA
"62","2615SWW251",NA,NA,"Borehole",9.4,0.3,"Bedrock Met",NA,272950,150790,"to 200m","BORRIS",NA,"Carlow",22,NA,NA,NA,NA,NA,NA,NA,NA,NA,NA,NA,NA,NA,NA,NA,"BORRIS RAILWAY STN.","""AMPLE YIELD"""
"63","2615SWW275",NA,NA,"Borehole",32,4.3,"Bedrock Met",2004-05-16,271440,151140,"to 200m","BALLYTEIGELEA",NA,"Carlow",22,"Domestic use only","Moderate","III",43.6,NA,NA,3.05,14.3,165,30.5,NA,NA,NA,NA,"Drilled by Doran Drilling, Borris",NA,NA
"64","2617NWW403","WG 165",NA,"Borehole",39.6,27.4,"Bedrock Met",1998-06-22,273000,180400,"to 200m","OAKPARK",NA,"Carlow",2,"Agri & domestic use","Poor","III",21.8,NA,NA,NA,72.7,152,30.5,NA,NA,NA,NA,NA,NA,"S assumed to be 0.3m"
"65","2617SEW065","WTB/CLW 909",NA,"Borehole",24.7,24.7,"Bedrock Met",1971-07-01,289190,179780,"to 200m","LISNEVAGH","RATHVILLY","Carlow",4,NA,"Poor",NA,32.7,NA,NA,NA,NA,NA,NA,NA,NA,NA,NA,NA,"ODDEFELLOWS HALL",NA
"66","2617SEW083","ESB?",NA,"Dug well",7.3,NA,"DTB Unknown",1960-01-01,284470,171630,"to 200m","ROSCAT",NA,"Carlow",13,NA,NA,NA,NA,NA,NA,NA,NA,NA,NA,NA,NA,NA,NA,NA,"Beaumont House?",NA
"67","2617SEW092","WTB/CLW 908",NA,"Borehole",24.4,3.7,"Bedrock Met",1974-09-01,277740,175070,"to 200m","BUSHERSTOWN",NA,"Carlow",7,NA,"Poor",NA,38.2,NA,NA,NA,NA,NA,NA,NA,NA,NA,NA,NA,"Bushertown House",NA
"68","2617SEW121",NA,NA,"Dug well",9.1,NA,"DTB Unknown",NA,279950,176750,"to 200m","FRIARSTOWN",NA,"Carlow",8,NA,NA,NA,NA,NA,NA,NA,NA,NA,NA,NA,NA,NA,NA,NA,"FRIARSTOWN HOUSE",NA
"69","2617SEW124",NA,NA,"Borehole",48.8,4.9,"Bedrock Met",1990-09-10,281180,177860,"to 200m","KILLERIG",NA,"Carlow",8,"Agri & domestic use","Good",NA,130.9,NA,NA,NA,NA,152,NA,NA,NA,NA,NA,NA,"KILLERIG CROSS",NA
"70","2617SWW342",NA,NA,"Borehole",91.4,12.8,"Bedrock Met",1964-08-01,269910,170420,"to 200m","MILFORD",NA,"Carlow",12,NA,"Excellent",NA,1636.5,NA,NA,NA,NA,NA,61,NA,NA,NA,NA,NA,"c.1.5m over river, near bridge. 2 bores at approx same location.",NA
"71","2617SWW366","CW 7/20",NA,"Borehole",NA,NA,"DTB Unknown",1996-01-01,274840,177470,"to 200m","POLLERTON BIG",NA,"Carlow",7,"Agri & domestic use",NA,NA,NA,NA,NA,NA,NA,152,NA,NA,NA,NA,NA,NA,"To north of house","well is open on top, site looks clean, good quality and quantity"
"72","2617SWW433","BH 1",NA,"Borehole",41,11,"Bedrock Met",2000-09-13,273150,177450,"to 200m","RATHNAPISH",NA,"Carlow",7,"Industrial use","Poor",NA,38,NA,NA,NA,NA,150,27,NA,NA,NA,NA,NA,NA,NA
"73","2917SWW231","Carlow Co.Council Pump No. 246","Carlow Co.Council","Borehole",25.9,3.1,"Bedrock Met",NA,294670,174510,"to 200m","BALLYSHANE",NA,"Carlow",9,NA,"Moderate",NA,76.4,NA,NA,NA,NA,NA,12.2,NA,NA,NA,NA,NA,NA,NA
"74","2917SWW243",NA,NA,"Borehole",61,45.7,"Bedrock Met",2001-11-02,296800,177900,"to 200m","CRONESKAGH",NA,"Carlow",4,"Agri & domestic use","Poor","III",21.8,NA,NA,NA,72.6,152,53.3,NA,NA,NA,NA,NA,NA,NA
"75","2613NEW003",NA,NA,"Borehole",19.5,NA,"DTB Unknown",1971-09-01,277510,147120,"to 500m","BALLYMURPHY",NA,"Carlow",22,NA,"Poor",NA,32.7,NA,NA,NA,NA,NA,NA,NA,NA,NA,NA,NA,NA,NA
"76","2613NEW006","WTB/CLW 935",NA,"Borehole",19.2,NA,"DTB Unknown",1971-12-01,276930,145800,"to 500m","LACKEN",NA,"Carlow",24,NA,"Poor",NA,32.7,NA,NA,NA,NA,NA,NA,NA,NA,NA,NA,NA,NA,NA
"77","2613NEW007","WTB/CLW 420",NA,"Borehole",29.6,NA,"DTB Unknown",1971-11-01,277140,146710,"to 500m","ROCKSAVAGE",NA,"Carlow",22,NA,"Poor",NA,38.2,NA,NA,NA,NA,NA,NA,NA,NA,NA,NA,NA,NA,NA
"78","2613NEW010","Carlow Co. Council Pump No.185","Carlow Co. Council","Borehole",9.1,0,"Bedrock Met",NA,277910,145900,"to 500m","MULLANNAGAUN",NA,"Carlow",24,NA,"Good",NA,109,NA,NA,NA,NA,NA,7.6,NA,NA,NA,NA,NA,NA,NA
"79","2613NEW011","WTB/CLW 772",NA,"Borehole",33.5,NA,"DTB Unknown",1971-10-01,277510,147080,"to 500m","BALLYMURPHY",NA,"Carlow",22,NA,"Poor",NA,38.2,NA,NA,NA,NA,NA,NA,NA,NA,NA,NA,NA,NA,NA
"80","2613NEW012","Carlow Co. Council Pump No.107","Carlow Co. Council","Borehole",19.5,2.4,"Bedrock Met",NA,277510,147020,"to 500m","BALLYMURPHY",NA,"Carlow",22,NA,"Poor",NA,38.2,NA,NA,NA,NA,NA,7.3,18.3,NA,NA,NA,NA,NA,"YIELD VARIES: 32.8-43.6 m3/DAY = POOR-GOOD."
"81","2613NEW024","WTB/CLW 1034",NA,"Borehole",17.7,NA,"DTB Unknown",1972-10-01,276480,144390,"to 500m","MULLANAVODE",NA,"Carlow",24,NA,"Poor",NA,38.2,NA,NA,NA,NA,NA,NA,NA,NA,NA,NA,NA,NA,NA
"82","2613NEW027","WTB/CLW 1035",NA,"Borehole",30.5,NA,"DTB Unknown",1975-01-01,276460,145670,"to 500m","INCH",NA,"Carlow",24,NA,"Poor",NA,27.3,NA,NA,NA,NA,NA,NA,NA,NA,NA,NA,NA,NA,NA
"83","2613NEW030","WTB/CLW 818",NA,"Borehole",25.6,NA,"DTB Unknown",1970-10-01,277000,146370,"to 500m","SESKIN",NA,"Carlow",22,NA,"Poor",NA,38.2,NA,NA,NA,NA,NA,NA,NA,NA,NA,NA,NA,NA,NA
"84","2613NEW031","Carlow Co. Council Pump No.111","Carlow Co. Council","Borehole",11.9,0.3,"Bedrock Met",NA,275660,146270,"to 500m","TINNACARRIG",NA,"Carlow",24,NA,"Failure",NA,2.7,NA,NA,NA,NA,NA,5.2,NA,NA,NA,NA,NA,NA,"YIELD VARYING BETWEEN 2.7-3.2m3/DAY"
"85","2613NEW053","WG 506",NA,"Borehole",54.9,2.7,"Bedrock Met",NA,279730,148510,"to 500m","COONOGUE",NA,"Carlow",23,"Agri & domestic use","Poor","V",21.8,NA,NA,NA,0.75,152,38.7,NA,NA,NA,NA,NA,NA,NA
"86","2613NWW202","WTB/CLW 815",NA,"Borehole",15.2,NA,"DTB Unknown",1971-11-01,274480,149560,"to 500m","KILCOLTRIM",NA,"Carlow",22,NA,"Poor",NA,38.2,NA,NA,NA,NA,NA,NA,NA,NA,NA,NA,NA,NA,NA
"87","2613NWW203","WTB/CLW 823",NA,"Borehole",32,NA,"DTB Unknown",1970-08-01,273620,148430,"to 500m","BALLYNAGRANE",NA,"Carlow",22,NA,"Poor",NA,32.7,NA,NA,NA,NA,NA,NA,NA,NA,NA,NA,NA,NA,NA
"88","2613NWW204","WTB/CLW 812",NA,"Borehole",16.5,NA,"DTB Unknown",1975-12-01,274480,149510,"to 500m","KILCOLTRIM",NA,"Carlow",22,NA,"Poor",NA,27.3,NA,NA,NA,NA,NA,NA,NA,NA,NA,NA,NA,NA,NA
"89","2613NWW205","WTB/CLW 690",NA,"Borehole",10,NA,"DTB Unknown",1969-07-01,274480,149470,"to 500m","KILCOLTRIM",NA,"Carlow",22,NA,"Poor",NA,27.3,NA,NA,NA,NA,NA,NA,NA,NA,NA,NA,NA,NA,NA
"90","2613NWW209",NA,NA,"Borehole",16.5,NA,"DTB Unknown",1970-10-01,274480,149420,"to 500m","KILCOLTRIM",NA,"Carlow",22,NA,"Poor",NA,32.7,NA,NA,NA,NA,NA,NA,NA,NA,NA,NA,NA,NA,NA
"91","2613NWW210","Carlow Co. Council Pump No.114","Carlow Co. Council","Borehole",13.7,2.4,"Bedrock Met",NA,274480,149370,"to 500m","KILCOLTRIM",NA,"Carlow",22,NA,"Poor",NA,7.6,NA,NA,NA,NA,NA,7,NA,NA,NA,NA,NA,NA,NA
"92","2613NWW211","BOREHOLE No.1",NA,"Borehole",68,0,"Bedrock Met",1990-08-23,273620,148390,"to 500m","BALLYNAGRANE",NA,"Carlow",22,NA,NA,NA,NA,NA,NA,NA,NA,NA,NA,NA,NA,NA,NA,NA,NA,"DRY"
"93","2613NWW212","BOREHOLE No 2",NA,"Borehole",68,0,"Bedrock Met",1990-08-23,273620,148330,"to 500m","BALLYNAGRANE",NA,"Carlow",22,NA,"Moderate",NA,43.6,NA,NA,NA,NA,152,NA,NA,NA,NA,NA,NA,NA,NA
"94","2613NWW215","Carlow Co. Council Pump No.194","Carlow Co. Council","Borehole",23.2,3.1,"Bedrock Met",NA,273470,145020,"to 500m","BALLYNAGRANE",NA,"Carlow",22,NA,"Poor",NA,6.5,NA,NA,NA,NA,NA,4.6,16.5,NA,NA,NA,NA,NA,NA
"95","2613SWW201","W/CLW 808",NA,"Dug well",15.8,12.2,"Bedrock Met",1964-05-13,272470,138580,"to 500m","ST.MULLINS",NA,"Carlow",26,NA,"Poor",NA,16.4,NA,NA,NA,NA,NA,NA,NA,NA,NA,NA,NA,NA,NA
"96","2613SWW202",NA,NA,"Borehole",9.7,1.5,"Bedrock Met",1965-10-01,272470,138530,"to 500m","ST.MULLINS",NA,"Carlow",26,NA,"Poor",NA,21.8,NA,NA,NA,NA,NA,NA,NA,NA,NA,NA,NA,NA,NA
"97","2613SWW205",NA,NA,"Dug well",9.1,7.3,"Bedrock Met",1963-01-01,273270,137360,"to 500m","BAUCK",NA,"Carlow",26,NA,"Poor",NA,10.9,NA,NA,NA,NA,NA,NA,NA,NA,NA,NA,NA,NA,"Date 18/4/1963"
"98","2613SWW206","Carlow Co. Council Pump No.177","Carlow Co. Council","Borehole",15.5,0.9,"Bedrock Met",NA,273270,137310,"to 500m","BAUCK",NA,"Carlow",26,NA,"Poor",NA,13.1,NA,NA,NA,NA,NA,4.6,10.7,NA,NA,NA,NA,NA,NA
"99","2613SWW207",NA,NA,"Borehole",14.6,1.2,"Bedrock Met",1966-03-01,272470,138490,"to 500m","ST. MULLINS",NA,"Carlow",26,NA,"Poor",NA,32.7,NA,NA,NA,NA,NA,NA,NA,NA,NA,NA,NA,NA,"Date 1/2/1966"
"100","2613SWW209","W/CLW",NA,"Borehole",18.9,13.7,"Bedrock Met",1966-02-01,272470,138450,"to 500m","ST. MULLINS",NA,"Carlow",26,NA,"Poor",NA,21.8,NA,NA,NA,NA,NA,NA,NA,NA,NA,NA,NA,NA,NA
"101","2613SWW210",NA,NA,"Borehole",9.8,1.5,"Bedrock Met",1966-01-01,272470,138390,"to 500m","ST. MULLINS",NA,"Carlow",26,NA,"Poor",NA,21.8,NA,NA,NA,NA,NA,NA,NA,NA,NA,NA,NA,NA,"Date 1/10/1965"
"102","2615NEW003",NA,NA,"Dug well",3.4,NA,"DTB Unknown",NA,276990,168170,"to 500m","GRAIGUEALUG",NA,"Carlow",12,NA,NA,NA,NA,NA,NA,NA,NA,NA,NA,NA,NA,NA,NA,NA,NA,NA
"103","2615NEW004","WTB/CLW 1077",NA,"Borehole",32.9,3.1,"Bedrock Met",1973-02-23,276240,167200,"to 500m","BALLYTARSNA",NA,"Carlow",12,NA,"Poor",NA,38.2,NA,NA,NA,NA,NA,NA,NA,NA,NA,NA,NA,NA,NA
"104","2615NEW005","WTB/CLW 829",NA,"Borehole",4.3,3,"Bedrock Met",1973-04-01,276990,168120,"to 500m","GRAIGUEALUG",NA,"Carlow",12,NA,"Poor",NA,38.2,NA,NA,NA,NA,NA,NA,NA,NA,NA,NA,NA,NA,NA
"105","2615NEW007","WTB/CLW 995",NA,"Borehole",49.4,2.4,"Bedrock Met",1972-04-10,283920,164760,"to 500m","CRAANPURSHEEN",NA,"Carlow",17,NA,"Moderate",NA,43.6,NA,NA,NA,NA,NA,NA,NA,NA,NA,NA,NA,NA,NA
"106","2615NEW013","Carlow County Council Pump No.164","Carlow County Council","Borehole",21.6,0.6,"Bedrock Met",NA,286250,169230,"to 500m","KNOCKNATUBBRID",NA,"Carlow",13,NA,"Failure",NA,2.2,NA,NA,NA,NA,NA,3.1,NA,NA,NA,NA,NA,NA,NA
"107","2615NEW014",NA,NA,"Dug well",7,NA,"DTB Unknown",NA,287360,169310,"to 500m","RATHVARRIN",NA,"Carlow",13,NA,NA,NA,NA,NA,NA,NA,NA,NA,NA,NA,NA,NA,NA,NA,NA,NA
"108","2615NEW015",NA,NA,"Dug well",5.5,NA,"DTB Unknown",NA,283320,168400,"to 500m","BALLYGARRETT OR SANDBROOK",NA,"Carlow",13,NA,NA,NA,NA,NA,NA,NA,NA,NA,NA,NA,NA,NA,NA,NA,NA,NA
"109","2615NEW016","Carlow County Council Pump No.224","Carlow County Council","Borehole",17.7,7.9,"Bedrock Met",NA,281150,166890,"to 500m","BALLYVEAL",NA,"Carlow",13,NA,"Poor",NA,21.8,NA,NA,NA,NA,NA,8.5,NA,NA,NA,NA,NA,NA,NA
"110","2615NEW018",NA,NA,"Borehole",37.5,NA,"DTB Unknown",1989-01-01,287350,168280,"to 500m","ARDATTIN",NA,"Carlow",13,NA,"Poor",NA,32.7,NA,NA,NA,NA,152,13.7,NA,NA,NA,NA,NA,"BLACK CROSS",NA
"111","2615NEW019","Carlow County Council Pump No.223","Carlow County Council","Borehole",21.3,7.6,"Bedrock Met",NA,280310,168900,"to 500m","KILKNOCK",NA,"Carlow",13,NA,"Moderate",NA,76.4,NA,NA,NA,NA,NA,9.1,NA,NA,NA,NA,NA,NA,NA
"112","2615NEW021","Carlow County Council Pump No.165","Carlow County Council","Borehole",9.4,4.9,"Bedrock Met",NA,286670,167920,"to 500m","BALLYNOE",NA,"Carlow",13,NA,"Moderate",NA,65.5,NA,NA,NA,NA,NA,6.7,NA,NA,NA,NA,NA,NA,NA
"113","2615NEW023","Carlow County Council Pump No.237","Carlow County Council","Borehole",19.8,0.9,"Bedrock Met",NA,284610,168240,"to 500m","CASTLEGRACE",NA,"Carlow",13,NA,"Poor",NA,8.7,NA,NA,NA,NA,NA,6.1,NA,NA,NA,NA,NA,NA,"clear water, rock inclined to fall in around 6.1m."
"114","2615NEW029","WTB/CLW 949",NA,"Borehole",37.8,NA,"DTB Unknown",1972-01-01,286710,160880,"to 500m","BALLINVALLY",NA,"Carlow",17,NA,"Moderate",NA,49.1,NA,NA,NA,NA,NA,NA,NA,NA,NA,NA,NA,NA,NA
"115","2615NEW031","WTB/CLW 938",NA,"Borehole",25.3,NA,"DTB Unknown",1971-09-01,279880,161760,"to 500m","ROSSLEE",NA,"Carlow",17,NA,"Poor",NA,38.2,NA,NA,NA,NA,NA,NA,NA,NA,NA,NA,NA,NA,NA
"116","2615NEW032","WTB/CLW 1033",NA,"Borehole",25,NA,"DTB Unknown",1971-08-01,284400,162860,"to 500m","BALLYKEENAN",NA,"Carlow",17,NA,"Poor",NA,27.3,NA,NA,NA,NA,NA,NA,NA,NA,NA,NA,NA,NA,NA
"117","2615NEW033",NA,NA,"Dug well",6.1,NA,"DTB Unknown",1972-03-01,281210,160930,"to 500m","SHANGARY",NA,"Carlow",17,NA,"Poor",NA,27.3,NA,NA,NA,NA,NA,NA,NA,NA,NA,NA,NA,NA,NA
"118","2615NEW035","Carlow County Council Pump No.209","Carlow County Council","Borehole",15.5,0.9,"Bedrock Met",NA,277710,164220,"to 500m","LUMCLOON",NA,"Carlow",16,NA,"Moderate",NA,98.2,NA,NA,NA,NA,NA,10.7,NA,NA,NA,NA,NA,NA,"very clean water"
"119","2615NEW036","Carlow County Council Pump No.211","Carlow County Council","Borehole",11.6,0,"Bedrock Met",NA,279890,163110,"to 500m","KILMAGLUSH",NA,"Carlow",17,NA,"Poor",NA,10.9,NA,NA,NA,NA,NA,6.1,NA,NA,NA,NA,NA,NA,"water very clean"
"120","2615NEW037",NA,NA,"Dug well",3.7,NA,"DTB Unknown",NA,279370,165090,"to 500m","CLONBULLOGE",NA,"Carlow",17,NA,NA,NA,NA,NA,NA,NA,NA,NA,NA,NA,NA,NA,NA,NA,NA,NA
"121","2615NEW038","Carlow County Council Pump No.210","Carlow County Council","Borehole",6.1,4,"Bedrock Met",NA,278410,165220,"to 500m","KILMAGLIN",NA,"Carlow",17,NA,"Good",NA,109.1,NA,NA,NA,NA,NA,6.1,NA,NA,NA,NA,NA,NA,NA
"122","2615NEW040","Carlow County Council Pump No.172","Carlow County Council","Borehole",23.8,0.9,"Bedrock Met",NA,286440,163240,"to 500m","KNOCKDOORISH",NA,"Carlow",17,NA,"Poor",NA,6.5,NA,NA,NA,NA,NA,7.6,NA,NA,NA,NA,NA,NA,NA
"123","2615NEW041","ESB XVIII-3-14",NA,"Borehole",5.5,NA,"DTB Unknown",1959-01-01,283450,165180,"to 500m","LARAGH",NA,"Carlow",17,NA,NA,NA,NA,NA,NA,NA,NA,NA,NA,NA,NA,NA,NA,NA,NA,NA
"124","2615NEW042","Carlow County Council Pump No.219","Carlow County Council","Borehole",18.3,1.5,"Bedrock Met",NA,285240,163210,"to 500m","MILLTOWN",NA,"Carlow",17,NA,"Failure",NA,2.2,NA,NA,NA,NA,NA,7,NA,NA,NA,NA,NA,NA,NA
"125","2615NEW045","ESB-XVIII-10-14",NA,"Dug well",3.4,NA,"DTB Unknown",NA,281130,162090,"to 500m","CAPPAWATER",NA,"Carlow",17,NA,NA,NA,NA,NA,NA,NA,NA,NA,NA,NA,NA,NA,NA,NA,NA,NA
"126","2615NEW046","ESB 17-13-24",NA,"Dug well",1.8,NA,"DTB Unknown",NA,285440,161660,"to 500m","KNOCKBARRAGH",NA,"Carlow",17,NA,NA,NA,NA,NA,NA,NA,NA,NA,NA,NA,NA,NA,NA,NA,NA,NA
"127","2615NEW047","ESB XVII-9-12",NA,"Dug well",4.3,NA,"DTB Unknown",NA,278290,160660,"to 500m","RAHEENWOOD",NA,"Carlow",17,NA,NA,NA,NA,NA,NA,NA,NA,NA,NA,NA,NA,NA,NA,NA,NA,NA
"128","2615NEW048","Carlow County Council Pump No.216","Carlow County Council","Borehole",15.8,1.8,"Bedrock Met",NA,278290,160620,"to 500m","RAHEENWOOD",NA,"Carlow",17,NA,"Failure",NA,0.5,NA,NA,NA,NA,NA,5.5,NA,NA,NA,NA,NA,NA,NA
"129","2615NEW049","ESB XVII-10-27",NA,"Dug well",6.1,NA,"DTB Unknown",1959-01-01,281210,160890,"to 500m","SHANGARRY",NA,"Carlow",17,NA,NA,NA,NA,NA,NA,NA,NA,NA,NA,NA,NA,NA,NA,NA,NA,NA
"130","2615NEW050","Carlow County Council Pump No.124","Carlow County Council","Borehole",11.9,1.8,"Bedrock Met",NA,281210,160840,"to 500m","SHANGARRY",NA,"Carlow",17,NA,"Poor",NA,5.5,NA,NA,NA,NA,NA,NA,NA,NA,NA,NA,NA,NA,NA
"131","2615NEW051","Carlow County Council Pump No.212","Carlow County Council","Borehole",13.7,1.2,"Bedrock Met",NA,279490,160130,"to 500m","STRADUFF",NA,"Carlow",17,NA,"Moderate",NA,65.5,NA,NA,NA,NA,NA,7.6,NA,NA,NA,NA,NA,NA,NA
"132","2615NEW052","Carlow County Council Pump No.217","Carlow County Council","Borehole",12.2,0,"Bedrock Met",NA,281150,162040,"to 500m","CAPPAWATER",NA,"Carlow",17,NA,"Poor",NA,32.7,NA,NA,NA,NA,NA,4.6,5.5,NA,NA,NA,NA,NA,"STRIKE NO. 2= WATER STRUCK AN D RISING"
"133","2615NEW053","WTB/CLW 225",NA,"Borehole",25.3,NA,"DTB Unknown",1970-07-01,279490,160090,"to 500m","SHANGARRY",NA,"Carlow",17,NA,"Poor",NA,27.3,NA,NA,NA,NA,NA,NA,NA,NA,NA,NA,NA,NA,NA
"134","2615NEW054","ESB XVII-11-4",NA,"Dug well",1.5,NA,"DTB Unknown",NA,284330,161330,"to 500m","KNOCKBRACK",NA,"Carlow",17,NA,NA,NA,NA,NA,NA,NA,NA,NA,NA,NA,NA,NA,NA,NA,NA,NA
"135","2615NEW055","ESB XVII-11-4",NA,"Dug well",1.2,NA,"DTB Unknown",NA,284330,161300,"to 500m","KNOCKBRACK",NA,"Carlow",17,NA,NA,NA,NA,NA,NA,NA,NA,NA,NA,NA,NA,NA,NA,NA,NA,NA
"136","2615NEW056","ESB XVII-11-18",NA,"Dug well",1.2,NA,"DTB Unknown",NA,284330,161260,"to 500m","KNOCKBRACK",NA,"Carlow",17,NA,NA,NA,NA,NA,NA,NA,NA,NA,NA,NA,NA,NA,NA,NA,NA,NA
"137","2615NEW058",NA,NA,"Borehole",22.3,2.1,"Bedrock Met",1970-08-01,288540,162040,"to 500m","CRAAN",NA,"Carlow",18,NA,"Poor",NA,8.7,NA,NA,NA,NA,NA,NA,NA,NA,NA,NA,NA,NA,NA
"138","2615NEW063","6/4/8A",NA,"Borehole",43.6,7.6,"Bedrock Met",1988-04-06,278580,167470,"to 500m","BALLINTRANE",NA,"Carlow",13,"Domestic use only","Failure",NA,0,NA,NA,NA,NA,152,NA,NA,NA,NA,NA,NA,NA,"Dry"
"139","2615NEW090",NA,NA,"Borehole",60.9,24.6,"Bedrock Met",2002-05-09,288680,168100,"to 500m","CRAANS",NA,"Carlow",14,"Agri & domestic use","Poor","V",21.8,NA,NA,NA,3.57,150,18.2,51.8,NA,NA,NA,NA,NA,"1 hr test"
"140","2615NWW040","WTB/CLW 986",NA,"Borehole",11.9,NA,"DTB Unknown",1975-03-01,265870,165300,"to 500m","OLDLEIGHLIN",NA,"Carlow",11,NA,"Poor",NA,21.8,NA,NA,NA,NA,NA,NA,NA,NA,NA,NA,NA,NA,NA
"141","2615NWW041","WTB/CLW 944",NA,"Borehole",31.4,NA,"DTB Unknown",1975-02-01,265870,165270,"to 500m","OLDLEIGHLIN",NA,"Carlow",11,NA,"Poor",NA,27.3,NA,NA,NA,NA,NA,NA,NA,NA,NA,NA,NA,NA,NA
"142","2615NWW046",NA,NA,"Borehole",21.3,NA,"DTB Unknown",1971-07-01,264060,165960,"to 500m","RAHEEN",NA,"Carlow",11,NA,"Moderate",NA,43.6,NA,NA,NA,NA,NA,NA,NA,NA,NA,NA,NA,NA,NA
"143","2615NWW047","WTB/CLW 1028",NA,"Borehole",25.3,NA,"Bedrock Met",1972-11-01,265870,165220,"to 500m","OLDLEIGHLIN",NA,"Carlow",11,NA,"Moderate",NA,43.6,NA,NA,NA,NA,NA,NA,NA,NA,NA,NA,NA,NA,NA
"144","2615NWW048",NA,NA,"Borehole",11.6,NA,"Bedrock Not Met",1989-06-20,267590,167000,"to 500m","SESKIN LOWER",NA,"Carlow",11,NA,"Moderate",NA,65.5,NA,NA,NA,NA,152,NA,NA,NA,NA,NA,NA,NA,NA
"145","2615NWW049",NA,NA,"Borehole",55.8,NA,"DTB Unknown",1990-08-25,263280,167390,"to 500m","RIDGE",NA,"Carlow",11,NA,"Poor",NA,16.4,NA,NA,NA,NA,152,33.5,NA,NA,NA,NA,NA,NA,"CRACK AT 33.5m"
"146","2615NWW050",NA,NA,"Borehole",30.5,NA,"DTB Unknown",1990-01-01,265870,165190,"to 500m","OLDLEIGHLIN",NA,"Carlow",11,NA,"Moderate",NA,87.3,NA,NA,NA,NA,152,NA,NA,NA,NA,NA,NA,NA,"CASING 1: STEEL / CASING 2: PVC"
"147","2615NWW052","Carlow Co.Council Pump No. 201","Carlow Co.Council","Borehole",33.5,9.1,"Bedrock Met",NA,265870,165160,"to 500m","OLDLEIGHLIN",NA,"Carlow",11,NA,"Poor",NA,32.7,NA,NA,NA,NA,NA,27.4,NA,NA,NA,NA,NA,NA,"SAID TO HAVE GOOD YIELD. WATER NOT SO CLEAN"
"148","2615NWW056","WTB/CLW 1045",NA,"Borehole",17.4,17.4,"Bedrock Met",1972-12-01,270720,168610,"to 500m","POWERSTOWN",NA,"Carlow",12,NA,"Poor",NA,27.3,NA,NA,NA,NA,NA,NA,NA,NA,NA,NA,NA,NA,NA
"149","2615NWW057","Carlow Co.Council Pump No. 141","Carlow Co.Council","Borehole",13.7,NA,"Bedrock Not Met",NA,270720,168560,"to 500m","POWERSTOWN",NA,"Carlow",12,NA,"Moderate",NA,87.3,NA,NA,NA,NA,152,9.1,12.2,NA,NA,NA,NA,NA,"strike no.2= water rising to SWL / 1.5m FILLED WITH GRAVEL"
"150","2615NWW059","WTB/CLW 1073",NA,"Borehole",39.6,11,"Bedrock Met",1974-12-01,270000,160510,"to 500m","KILREE","BAGENALSTOWN","Carlow",16,NA,"Poor",NA,27.3,NA,NA,NA,NA,NA,NA,NA,NA,NA,NA,NA,NA,NA
"151","2615NWW060",NA,NA,"Borehole",20.1,NA,"DTB Unknown",1971-08-01,270000,160460,"to 500m","KILREE","BAGENALSTOWN","Carlow",16,NA,"Moderate",NA,45.8,NA,NA,NA,NA,NA,NA,NA,NA,NA,NA,NA,"MARKET SQUARE",NA
"152","2615NWW062","Carlow Co.Council Pump No.133","Carlow Co.Council","Borehole",18.3,17.1,"Bedrock Met",NA,267420,169090,"to 500m","CRAANAVONANE",NA,"Carlow",11,NA,"Failure",NA,2.2,NA,NA,NA,NA,NA,6.1,17.1,NA,NA,NA,NA,NA,"1.8m stones at bottom of well"
"153","2615NWW066","WTB/CLW 1088",NA,"Borehole",14,NA,"DTB Unknown",1974-07-01,271730,166150,"to 500m","RATHWADE",NA,"Carlow",12,NA,"Poor",NA,21.8,NA,NA,NA,NA,NA,NA,NA,NA,NA,NA,NA,NA,NA
"154","2615NWW067","Carlow Co.Council Pump No. 208","Carlow Co.Council","Borehole",12.8,NA,"Bedrock Not Met",NA,271730,166120,"to 500m","RATHWADE",NA,"Carlow",12,NA,"Moderate",NA,65.5,NA,NA,NA,NA,NA,12.2,NA,NA,NA,NA,NA,NA,"FILLED WOTH 1.2m , 5cm DIAMETER STONES TO STOP SAND RISING/ WATER NOT CLEAR"
"155","2615NWW069",NA,NA,"Borehole",23.2,NA,"DTB Unknown",1970-08-01,270340,164550,"to 500m","RATHELLIN",NA,"Carlow",16,NA,"Poor",NA,39.3,NA,NA,NA,NA,NA,NA,NA,NA,NA,NA,NA,NA,NA
"156","2615NWW070",NA,NA,"Borehole",30,21.9,"Bedrock Met",1989-01-01,269060,164910,"to 500m","LEIGHLINBRIDGE",NA,"Carlow",12,NA,"Moderate",NA,87.3,NA,NA,NA,NA,152,NA,NA,NA,NA,NA,NA,NA,"CASING No.2=STEEL"
"157","2615NWW071",NA,NA,"Borehole",12.2,12.2,"Bedrock Met",NA,269060,164860,"to 500m","LEIGHLINBRIDGE",NA,"Carlow",16,NA,"Moderate",NA,87.3,NA,NA,NA,NA,NA,NA,NA,NA,NA,NA,NA,NA,NA
"158","2615NWW081","WTB/CLW 1136",NA,"Borehole",23.8,3.4,"Bedrock Met",1974-09-01,263700,163750,"to 500m","LACKAN",NA,"Carlow",15,NA,"Poor",NA,26.2,NA,NA,NA,NA,NA,NA,NA,NA,NA,NA,NA,NA,NA
"159","2615NWW089","Carlow Co.Council Pump No.130","Carlow Co.Council","Borehole",20.1,3.7,"Bedrock Met",NA,267890,161090,"to 500m","WELLS",NA,"Carlow",15,NA,"Poor",NA,17.5,NA,NA,NA,NA,NA,18.3,NA,NA,NA,NA,NA,NA,NA
"160","2615NWW090","Carlow Co.Council Pump No. 198","Carlow Co.Council","Borehole",20.7,0.9,"Bedrock Met",NA,267890,161040,"to 500m","WELLS",NA,"Carlow",15,NA,"Poor",NA,8.7,NA,NA,NA,NA,NA,18.3,NA,NA,NA,NA,NA,NA,NA
"161","2615NWW091","WTB/CLW 694",NA,"Borehole",31.1,NA,"DTB Unknown",1970-06-01,273390,161690,"to 500m","BALLYMOON",NA,"Carlow",16,NA,"Poor",NA,38.2,NA,NA,NA,NA,NA,NA,NA,NA,NA,NA,NA,NA,NA
"162","2615NWW099",NA,NA,"Borehole",38.4,NA,"DTB Unknown",1990-11-09,270580,161320,"to 500m","BAGENALSTOWN",NA,"Carlow",16,NA,"Excellent",NA,872.8,NA,NA,NA,NA,152,NA,NA,NA,NA,NA,NA,NA,NA
"163","2615NWW100",NA,NA,"Borehole",37.2,NA,"DTB Unknown",1989-01-01,268780,161650,"to 500m","CLORUSK LOWER",NA,"Carlow",16,NA,NA,NA,NA,NA,NA,NA,NA,152,NA,NA,NA,NA,NA,NA,"ROYAL OAK",NA
"164","2615NWW101",NA,NA,"Borehole",31.4,19.5,"Bedrock Presumed",NA,270580,161290,"to 500m","BAGENALSTOWN",NA,"Carlow",16,NA,"Moderate",NA,87.3,NA,NA,NA,NA,NA,NA,NA,NA,NA,NA,NA,NA,"DATE: NOV 1951"
"165","2615NWW103",NA,NA,"Borehole",21.3,18.3,"Bedrock Met",1965-06-01,271010,161010,"to 500m","BAGENALSTOWN",NA,"Carlow",16,NA,"Moderate",NA,76.4,NA,NA,NA,NA,NA,NA,NA,NA,NA,NA,NA,"BETWEEN Rhy. BRIDGE AND MALTHOUSE SITE","NOT ESTABLISHED"
"166","2615NWW105",NA,NA,"Borehole",19.5,5.2,"Bedrock Met",1963-02-01,271090,162760,"to 500m","DUNLECKNY",NA,"Carlow",16,NA,"Poor",NA,24.5,NA,NA,NA,NA,NA,NA,NA,NA,NA,NA,NA,NA,"summer 1962"
"167","2615NWW106",NA,NA,"Borehole",86.3,0,"Bedrock Presumed",1989-01-28,274150,165840,"to 500m","NEWTOWN",NA,"Carlow",12,NA,"Poor",NA,21.8,NA,NA,NA,NA,152,NA,NA,NA,NA,NA,NA,NA,NA
"168","2615NWW111",NA,NA,"Dug well",16.8,NA,"DTB Unknown",NA,269650,161230,"to 500m","MONEYBEG",NA,"Carlow",16,NA,NA,NA,NA,392.8,NA,NA,NA,NA,NA,NA,NA,NA,NA,NA,"Royal Oaks Road",NA
"169","2615NWW112","Carlow County Council Pump No.207","Carlow County Council","Borehole",15.8,4,"Bedrock Met",NA,273080,163280,"to 500m","BOHERMORE",NA,"Carlow",16,NA,"Poor",NA,21.8,NA,NA,NA,NA,NA,5.2,10.7,NA,NA,NA,NA,NA,NA
"170","2615NWW113",NA,NA,"Borehole",26.2,NA,"Bedrock Not Met",1965-05-01,272750,162320,"to 500m","CURRAGHACRUIT",NA,"Carlow",16,NA,"Good",NA,109,NA,NA,NA,NA,NA,NA,NA,NA,NA,NA,NA,NA,"DATE: APRIL 1965"
"171","2615NWW115",NA,NA,"Borehole",8.5,NA,"DTB Unknown",NA,269310,161850,"to 500m","CLORUSK LOWER",NA,"Carlow",16,NA,NA,NA,NA,NA,NA,NA,NA,NA,NA,NA,NA,NA,NA,NA,NA,NA
"172","2615NWW116","Carlow County Council Pump No.204","Carlow County Council","Borehole",15.8,NA,"Bedrock Not Met",NA,270340,164510,"to 500m","RATHELLIN",NA,"Carlow",16,NA,"Moderate",NA,54.6,NA,NA,NA,NA,NA,15.8,NA,NA,NA,NA,NA,NA,"lining goes deeper than well?"
"173","2615NWW117","Carlow County Council Pump No.206","Carlow County Council","Borehole",15.2,4.9,"Bedrock Met",NA,272780,170130,"to 500m","SESKINRYAN",NA,"Carlow",16,NA,"Good",NA,130.9,NA,NA,NA,NA,NA,9.1,NA,NA,NA,NA,NA,NA,NA
"174","2615NWW118","WTB/CLW 12",NA,"Borehole",31.1,NA,"DTB Unknown",1974-02-01,272780,170090,"to 500m","SESKINRYAN",NA,"Carlow",16,NA,"Poor",NA,27.3,NA,NA,NA,NA,NA,NA,NA,NA,NA,NA,NA,NA,NA
"175","2615NWW121",NA,NA,"Dug well",0.9,0.9,"Bedrock Presumed",1971-11-01,273080,163250,"to 500m","BOHERMORE",NA,"Carlow",16,NA,"Poor",NA,21.8,NA,NA,NA,NA,NA,NA,NA,NA,NA,NA,NA,NA,"DATE: NOV. 1971"
"176","2615NWW128",NA,NA,"Borehole",25,22,"Bedrock Met",1989-01-01,269340,169710,"to 500m","BALLYGOWAN","MILFORD","Carlow",12,NA,"Moderate",NA,87.3,NA,NA,NA,NA,NA,NA,NA,NA,NA,NA,NA,NA,"Date Nov-1967"
"177","2615NWW129","28/4/8",NA,"Borehole",36,24.4,"Bedrock Met",1988-04-28,268460,164520,"to 500m","FARRANAFRENEY",NA,"Carlow",11,"Agri use only","Excellent",NA,872.8,NA,NA,NA,NA,152,29,29.9,36,NA,NA,NA,NA,"csasing No.1: steel, No. 2: slotted steel."
"178","2615NWW149","24/4/8",NA,"Borehole",36,24.4,"Bedrock Met",1988-04-28,265870,165120,"to 500m","OLDLEIGHLIN",NA,"Carlow",11,"Agri use only","Excellent",NA,872.8,NA,NA,NA,NA,152,NA,NA,NA,NA,NA,NA,NA,NA
"179","2615NWW240","WG 215",NA,"Borehole",79.2,14,"Bedrock Met",NA,267700,169780,"to 500m","TOMARD LOWER",NA,"Carlow",11,"Agri & domestic use","Poor","V",21.8,NA,NA,NA,0.71,152,21.3,42.7,76.2,NA,NA,NA,NA,NA
"180","2615NWW250","ILC 1299","Bennett Estate","Borehole",17.4,NA,"DTB Unknown",1968-01-30,270500,169500,"to 500m","CLOGHRISTICK",NA,"Carlow",12,"Agri & domestic use","Poor","II",42.5,NA,NA,NA,69.67,152,NA,NA,NA,NA,NA,NA,NA,NA
"181","2615NWW253","CW 11/33","Carlow CO. Council","Borehole",61,NA,"DTB Unknown",NA,266500,165500,"to 500m","OLDLEIGHLIN",NA,"Carlow",11,"Public supply (Co Co)","Poor","V",22.25,NA,NA,NA,0.9,NA,NA,NA,NA,NA,NA,NA,NA,NA
"182","2615SEW001","WTB/CLW 452",NA,"Borehole",11,NA,"DTB Unknown",1970-08-01,276940,159150,"to 500m","BALLINAKILL",NA,"Carlow",16,NA,"Moderate",NA,54.6,NA,NA,NA,NA,NA,NA,NA,NA,NA,NA,NA,NA,NA
"183","2615SEW002","WTB/CLW 1005",NA,"Dug well",5.5,NA,"DTB Unknown",1974-06-01,275110,159790,"to 500m","CARRIGPARK",NA,"Carlow",16,NA,"Poor",NA,21.8,NA,NA,NA,NA,NA,NA,NA,NA,NA,NA,NA,NA,NA
"184","2615SEW003",NA,NA,"Borehole",2.1,NA,"DTB Unknown",1971-12-01,278710,158340,"to 500m","MILLTOWN",NA,"Carlow",17,NA,"Poor",NA,27.3,NA,NA,NA,NA,NA,NA,NA,NA,NA,NA,NA,NA,NA
"185","2615SEW004","WTB/CLW 973",NA,"Borehole",25.3,NA,"DTB Unknown",1972-01-01,275760,158480,"to 500m","COOLNACUPPOGE",NA,"Carlow",19,NA,"Moderate",NA,49.1,NA,NA,NA,NA,NA,NA,NA,NA,NA,NA,NA,NA,NA
"186","2615SEW005","Carlow Co. Council Pump No.127","Carlow Co. Council","Borehole",15.8,1.5,"Bedrock Met",NA,277600,159680,"to 500m","GARRYHILL",NA,"Carlow",16,NA,"Poor",NA,7.1,NA,NA,NA,NA,NA,4.6,14,NA,NA,NA,NA,NA,NA
"187","2615SEW006","Carlow Co. Council Pump No.218","Carlow Co. Council","Borehole",19.8,9.1,"Bedrock Met",NA,284690,159350,"to 500m","ACLARE",NA,"Carlow",17,NA,"Moderate",NA,65.5,NA,NA,NA,NA,NA,10.7,NA,NA,NA,NA,NA,NA,NA
"188","2615SEW007",NA,NA,"Borehole",30.5,NA,"DTB Unknown",1972-09-01,272690,156360,"to 500m","RAHEENLIEGH",NA,"Carlow",20,NA,"Moderate",NA,43.6,NA,NA,NA,NA,NA,NA,NA,NA,NA,NA,NA,NA,NA
"189","2615SEW008","WTB/CLW 738",NA,"Borehole",19.8,NA,"DTB Unknown",1971-10-01,279780,158800,"to 500m","KNOCKDRAMAGH",NA,"Carlow",20,NA,"Poor",NA,27.3,NA,NA,NA,NA,NA,NA,NA,NA,NA,NA,NA,NA,NA
"190","2615SEW009",NA,NA,"Dug well",2.1,NA,"DTB Unknown",1972-09-01,284690,159310,"to 500m","ACLARE",NA,"Carlow",17,"Agri & domestic use","Failure",NA,2.2,NA,NA,NA,NA,NA,NA,NA,NA,NA,NA,NA,NA,NA
"191","2615SEW012","WTB/CLW 933",NA,"Borehole",30.5,NA,"DTB Unknown",1972-06-01,284690,159270,"to 500m","ACLARE",NA,"Carlow",17,NA,"Poor",NA,32.7,NA,NA,NA,NA,NA,NA,NA,NA,NA,NA,NA,NA,NA
"192","2615SEW015",NA,NA,"Borehole",14.9,4.9,"Bedrock Met",1967-12-01,280620,159090,"to 500m","BALLINARUSH",NA,"Carlow",17,NA,"Moderate",NA,65.5,NA,NA,NA,NA,NA,NA,NA,NA,NA,NA,NA,NA,"DATE: NOV 1967"
"193","2615SEW016","Carlow Co. Council Pump No.174","Carlow Co. Council","Borehole",27.4,18.3,"Bedrock Presumed",NA,282020,158900,"to 500m","CROANRUSS",NA,"Carlow",20,NA,"Moderate",NA,65.5,NA,NA,NA,NA,NA,21.3,27.4,NA,NA,NA,NA,NA,"WATER BROWN IN COLOUR"
"194","2615SEW018",NA,NA,"Borehole",23.8,8.5,"Bedrock Met",1938-01-05,277600,159620,"to 500m","GARRYHILL",NA,"Carlow",16,NA,"Poor",NA,19.6,NA,NA,NA,NA,152,NA,NA,NA,NA,NA,NA,NA,NA
"195","2615SEW020","Carlow Co. Council Pump No.170","Carlow Co. Council","Borehole",18.3,0.6,"Bedrock Met",NA,289250,159110,"to 500m","KILDAVIN",NA,"Carlow",18,NA,"Moderate",NA,87.3,NA,NA,NA,NA,NA,7.6,9.1,15.2,NA,NA,NA,NA,"STRIKE No. 3= WATER STRUCK AND RISING."
"196","2615SEW021","Carlow Co. Council Pump No.169","Carlow Co. Council","Borehole",9.1,1.4,"Bedrock Met",NA,289250,159070,"to 500m","KILDAVIN",NA,"Carlow",18,"Agri & domestic use","Good",NA,130.9,NA,NA,NA,NA,NA,6.7,NA,NA,NA,NA,NA,NA,NA
"197","2615SEW024","Carlow Co. Council Pump No.248","Carlow Co. Council","Borehole",13.7,6.1,"Bedrock Met",NA,277460,152600,"to 500m","KNOCKSQUIRE",NA,"Carlow",19,NA,"Moderate",NA,87.3,NA,NA,NA,NA,NA,9.1,NA,NA,NA,NA,NA,NA,NA
"198","2615SEW026","Carlow Co. Council Pump No.190","Carlow Co. Council","Borehole",15.5,0.6,"Bedrock Met",NA,275690,154020,"to 500m","DUNROE",NA,"Carlow",19,NA,"Poor",NA,21.8,NA,NA,NA,NA,NA,11.6,NA,NA,NA,NA,NA,NA,NA
"199","2615SEW029","WTB/CLW 912",NA,"Borehole",19.5,NA,"DTB Unknown",1971-08-01,278550,152710,"to 500m","TOMDUFF",NA,"Carlow",20,NA,"Poor",NA,27.3,NA,NA,NA,NA,NA,NA,NA,NA,NA,NA,NA,NA,NA
"200","2615SEW030","WTB/CLW 1107",NA,"Borehole",15.2,NA,"DTB Unknown",1974-02-01,278550,152660,"to 500m","TOMDUFF",NA,"Carlow",20,NA,"Poor",NA,32.7,NA,NA,NA,NA,NA,NA,NA,NA,NA,NA,NA,NA,NA
"201","2615SEW031",NA,NA,"Borehole",15.8,0.9,"Bedrock Met",NA,275760,158420,"to 500m","COOLNACUPPOGE",NA,"Carlow",19,NA,"Poor",NA,25.1,NA,NA,NA,NA,NA,NA,NA,NA,NA,NA,NA,NA,NA
"202","2615SEW033","WTB/CLW 1129",NA,"Borehole",54.9,NA,"DTB Unknown",1976-04-01,275690,153980,"to 500m","DUNROE",NA,"Carlow",19,NA,"Poor",NA,1634,NA,NA,NA,NA,NA,NA,NA,NA,NA,NA,NA,NA,NA
"203","2615SEW039","WTB/CLW 404",NA,"Borehole",24.4,NA,"DTB Unknown",1973-10-01,275830,152940,"to 500m","CASHEL",NA,"Carlow",19,NA,"Poor",NA,27.3,NA,NA,NA,NA,NA,NA,NA,NA,NA,NA,NA,NA,NA
"204","2615SEW042","WTB/CLW 811",NA,"Borehole",14.3,NA,"DTB Unknown",1970-08-01,277460,152550,"to 500m","KNOCKSQUIRE",NA,"Carlow",19,NA,"Moderate",NA,45.8,NA,NA,NA,NA,NA,NA,NA,NA,NA,NA,NA,NA,NA
"205","2615SEW043","WTB/CLW 1025",NA,"Borehole",15.2,NA,"DTB Unknown",1973-07-01,277460,152520,"to 500m","KNOCKSQUIRE",NA,"Carlow",19,NA,"Poor",NA,27.3,NA,NA,NA,NA,NA,NA,NA,NA,NA,NA,NA,NA,NA
"206","2615SEW047","WTB/CLW 689",NA,"Borehole",38.1,NA,"DTB Unknown",1972-08-01,282690,156320,"to 500m","RAHEENLIEGH",NA,"Carlow",20,NA,"Poor",NA,38.2,NA,NA,NA,NA,NA,NA,NA,NA,NA,NA,NA,NA,NA
"207","2615SEW048","WTB/CLW 950",NA,"Borehole",15.2,NA,"DTB Unknown",1972-01-01,282690,156270,"to 500m","RAHEENLIEGH",NA,"Carlow",20,NA,"Poor",NA,27.3,NA,NA,NA,NA,NA,NA,NA,NA,NA,NA,NA,NA,NA
"208","2615SEW051","WTB/CLW 1125",NA,"Borehole",18.3,1.8,"Bedrock Met",1975-03-01,279780,158750,"to 500m","KNOCKDRAMAGH",NA,"Carlow",20,NA,"Poor",NA,21.8,NA,NA,NA,NA,NA,NA,NA,NA,NA,NA,NA,NA,NA
"209","2615SEW054","Carlow Co. Council Pump No.126","Carlow Co. Council","Borehole",6.4,1.8,"Bedrock Met",NA,278710,158300,"to 500m","MILLTOWN",NA,"Carlow",20,NA,"Moderate",NA,87.3,NA,NA,NA,NA,NA,3.1,5.2,NA,NA,NA,NA,NA,NA
"210","2615SEW055","Carlow Co. Council Pump No.213","Carlow Co. Council","Borehole",21.3,0.9,"Bedrock Met",NA,278710,158260,"to 500m","MILLTOWN",NA,"Carlow",20,NA,"Moderate",NA,43.6,NA,NA,NA,NA,NA,4.3,12.2,NA,NA,NA,NA,NA,NA
"211","2615SEW059",NA,NA,"Borehole",12.2,3.1,"Bedrock Met",1968-02-01,282080,158850,"to 500m","CROANRUSS",NA,"Carlow",20,NA,"Poor",NA,32.7,NA,NA,NA,NA,NA,NA,NA,NA,NA,NA,NA,NA,"Date Dec-1968"
"212","2615SEW061","Carlow Co. Council Pump No.125","Carlow Co. Council","Borehole",9.1,0.9,"Bedrock Met",NA,280620,159040,"to 500m","BALLINRUSH",NA,"Carlow",17,NA,"Poor",NA,17.5,NA,NA,NA,NA,NA,2.4,4.6,6.1,7.6,NA,NA,NA,NA
"213","2615SEW062","Carlow Co. Council Pump No.189","Carlow Co. Council","Borehole",32.3,15.5,"Bedrock Met",NA,278550,152630,"to 500m","TOMDUFF",NA,"Carlow",20,NA,"Poor",NA,13.1,NA,NA,NA,NA,NA,21.3,27.4,NA,NA,NA,NA,NA,NA
"214","2615SEW066","WTB/CLW 844",NA,"Borehole",14.6,NA,"DTB Unknown",1974-01-01,277830,150170,"to 500m","BARNAHASKIN",NA,"Carlow",22,NA,"Poor",NA,27.3,NA,NA,NA,NA,NA,NA,NA,NA,NA,NA,NA,NA,NA
"215","2615SEW068","Carlow Co. Council Pump No.191","Carlow Co. Council","Borehole",17.1,3.1,"Bedrock Met",NA,276440,151750,"to 500m","LACKEN",NA,"Carlow",22,NA,"Poor",NA,21.8,NA,NA,NA,NA,NA,13.7,NA,NA,NA,NA,NA,NA,NA
"216","2615SEW069",NA,NA,"Borehole",32,24.4,"Bedrock Met",1967-12-01,276720,150450,"to 500m","BALLINVALLY",NA,"Carlow",22,NA,"Poor",NA,32.7,NA,NA,NA,NA,NA,NA,NA,NA,NA,NA,NA,NA,NA
"217","2615SEW073","WTB/CLW 1026",NA,"Dug well",2.7,1.8,"Bedrock Met",1974-12-01,278550,152590,"to 500m","TOMDUFF",NA,"Carlow",20,NA,"Poor",NA,16.4,NA,NA,NA,NA,NA,NA,NA,NA,NA,NA,NA,NA,NA
"218","2615SEW074","WTB/CLW 1135",NA,"Borehole",15.2,NA,"DTB Unknown",1976-05-01,278550,152560,"to 500m","TOMDUFF",NA,"Carlow",20,NA,"Poor",NA,16.4,NA,NA,NA,NA,NA,NA,NA,NA,NA,NA,NA,NA,NA
"219","2615SEW075","Carlow Co. Council Pump No.188","Carlow Co. Council","Borehole",12.2,3.1,"Bedrock Met",NA,278520,150470,"to 500m","MOYVALLY",NA,"Carlow",23,NA,"Moderate",NA,65.5,NA,NA,NA,NA,NA,4.6,NA,NA,NA,NA,NA,NA,NA
"220","2615SEW104",NA,NA,"Borehole",35.9,7.6,"Bedrock Met",2002-09-20,281300,156200,"to 500m","COOLASNAGHTA",NA,"Carlow",20,"Agri & domestic use","Moderate","IV",43.6,NA,NA,NA,7.15,150,21.3,NA,NA,NA,NA,NA,NA,NA
"221","2615SWW215","WTB/CLW 827",NA,"Borehole",34.7,NA,"DTB Unknown",1970-12-01,274570,158320,"to 500m","BALLYLOUGHAN",NA,"Carlow",19,NA,"Poor",NA,38.2,NA,NA,NA,NA,NA,NA,NA,NA,NA,NA,NA,NA,NA
"222","2615SWW216",NA,NA,"Borehole",25.3,NA,"DTB Unknown",1971-10-01,274570,158280,"to 500m","BALLYLOUGHAN",NA,"Carlow",19,NA,"Poor",NA,34.9,NA,NA,NA,NA,NA,NA,NA,NA,NA,NA,NA,NA,NA
"223","2615SWW217","WTB/CLW 255",NA,"Dug well",6.7,NA,"DTB Unknown",1973-08-01,274680,159590,"to 500m","LABANASIGH",NA,"Carlow",16,NA,"Poor",NA,21.8,NA,NA,NA,NA,NA,NA,NA,NA,NA,NA,NA,NA,NA
"224","2615SWW221","Carlow Co. Council Pump No.121","Carlow Co. Council","Borehole",14.6,6.1,"Bedrock Met",NA,271250,158040,"to 500m","GLANNAHARY",NA,"Carlow",19,NA,"Poor",NA,9.8,NA,NA,NA,NA,NA,4.6,10.4,NA,NA,NA,NA,NA,"strike no.2= water struck and rising/ Runs dry, water said to be rusty."
"225","2615SWW222",NA,NA,"Borehole",24.7,0.3,"Bedrock Met",1964-08-01,276940,159420,"to 500m","GORMONA",NA,"Carlow",16,NA,"Poor",NA,32.7,NA,NA,NA,NA,NA,NA,NA,NA,NA,NA,NA,NA,"DATE: JULY 1964"
"226","2615SWW223","WTB/CLW 892",NA,"Borehole",10.4,NA,"DTB Unknown",1971-07-01,273940,159380,"to 500m","GORMONA",NA,"Carlow",16,NA,"Poor",NA,34.9,NA,NA,NA,NA,NA,NA,NA,NA,NA,NA,NA,NA,NA
"227","2615SWW224","Carlow Co. Council Pump No.199","Carlow Co. Council","Borehole",11.3,10.7,"Bedrock Met",NA,269840,154780,"to 500m","CLOMONEY",NA,"Carlow",19,NA,"Good",NA,109,NA,NA,NA,NA,NA,7.6,10.7,NA,NA,NA,NA,NA,"SRTIKE No.2= WATER STRUCK AND RISING."
"228","2615SWW226","Carlow Co. Council Pump No.118","Carlow Co. Council","Borehole",25,3.7,"Bedrock Met",NA,271270,152920,"to 500m","BALLYFEANAN",NA,"Carlow",19,NA,"Poor",NA,4.4,NA,NA,NA,NA,NA,6.4,NA,NA,NA,NA,NA,NA,NA
"229","2615SWW227",NA,NA,"Borehole",15.2,NA,"DTB Unknown",1971-12-01,271340,154910,"to 500m","CLOWATER",NA,"Carlow",19,NA,"Poor",NA,41.5,NA,NA,NA,NA,NA,NA,NA,NA,NA,NA,NA,NA,NA
"230","2615SWW230",NA,NA,"Borehole",37.5,1.2,"Bedrock Met",1990-01-01,271270,152890,"to 500m","BALLYFEANAN",NA,"Carlow",19,NA,"Poor",NA,38.2,NA,NA,NA,NA,152,NA,NA,NA,NA,NA,NA,NA,NA
"231","2615SWW231",NA,NA,"Borehole",42.7,0,"Bedrock Met",1990-01-01,271370,154280,"to 500m","KILCUMNEY",NA,"Carlow",19,NA,"Poor",NA,16.4,NA,NA,NA,NA,152,NA,NA,NA,NA,NA,NA,NA,"YEILD: 10.9-21.8m3/DAY"
"232","2615SWW232","Carlow Co. Council Pump No.200","Carlow Co. Council","Borehole",16.8,0,"Bedrock Met",NA,274570,158240,"to 500m","BALLYLOUGHAN",NA,"Carlow",19,NA,"Moderate",NA,87.3,NA,NA,NA,NA,NA,8.5,NA,NA,NA,NA,NA,NA,NA
"233","2615SWW234","ESB 19-3-22",NA,"Dug well",5.8,NA,"DTB Unknown",NA,274050,157570,"to 500m","HEATH",NA,"Carlow",19,NA,NA,NA,NA,NA,NA,NA,NA,NA,NA,NA,NA,NA,NA,NA,NA,NA
"234","2615SWW236",NA,"LORUM RECTORY","Borehole",21.9,4.9,"Bedrock Met",NA,272890,157260,"to 500m","LORUM",NA,"Carlow",19,NA,"Poor",NA,10.9,NA,NA,NA,NA,NA,NA,NA,NA,NA,NA,NA,NA,NA
"235","2615SWW241","WTB/CLW 969",NA,"Borehole",24.4,NA,"DTB Unknown",1976-08-01,271340,154870,"to 500m","CLOWATER",NA,"Carlow",19,NA,"Poor",NA,16.4,NA,NA,NA,NA,NA,NA,NA,NA,NA,NA,NA,NA,NA
"236","2615SWW246",NA,NA,"Borehole",12.8,NA,"DTB Unknown",1971-09-01,271250,158000,"to 500m","GLANNAHARY",NA,"Carlow",19,NA,"Poor",NA,21.8,NA,NA,NA,NA,NA,NA,NA,NA,NA,NA,NA,NA,NA
"237","2615SWW247","WTB/CLW 406",NA,"Borehole",29.3,NA,"DTB Unknown",1970-10-01,269800,157850,"to 500m","SLIGUFF",NA,"Carlow",19,NA,"Poor",NA,38.2,NA,NA,NA,NA,NA,NA,NA,NA,NA,NA,NA,NA,NA
"238","2615SWW255","Carlow Co. Council Pump No.193","Carlow Co. Council","Borehole",30.5,3.1,"Bedrock Met",NA,273570,150780,"to 500m","SCORTHREEN",NA,"Carlow",22,NA,"Failure",NA,2.2,NA,NA,NA,NA,NA,18.3,NA,NA,NA,NA,NA,NA,NA
"239","2615SWW269","ILC 1714","Prandy Estate","Borehole",25.3,NA,"DTB Unknown",1973-11-26,271230,158420,"to 500m","GLANNAHARY",NA,"Carlow",19,"Agri & domestic use","Moderate","II",90.6,NA,NA,NA,24.5,152,NA,NA,NA,NA,NA,NA,NA,NA
"240","2617NEW537",NA,NA,"Borehole",48.7,10.9,"Bedrock Met",2002-10-30,285600,181300,"to 500m","RATHDANIEL",NA,"Carlow",3,"Agri & domestic use","Moderate","II",54.5,NA,NA,NA,182,150,24.3,33.5,43.3,NA,NA,NA,NA,NA
"241","2617SEW066",NA,"COMMUNITY CENTRE","Borehole",37.5,4.5,"Bedrock Met",1988-02-02,276720,179650,"to 500m","KILLYSHANE (PALATINE)","CARLOW","Carlow",2,"Domestic use only","Failure",NA,0,NA,NA,NA,NA,150,NA,NA,NA,NA,NA,NA,"DRILLER: FOGARTY DRILLING",NA
"242","2617SEW067",NA,"COMMUNITY CENTRE","Borehole",25.3,4.8,"Bedrock Met",1988-02-22,276710,179580,"to 500m","KILLYSHANE (PALATINE)","CARLOW","Carlow",2,"Domestic use only","Moderate",NA,65.5,NA,NA,NA,NA,150,NA,NA,NA,NA,NA,NA,"1) FOGARTY DRILLING 2) THIS SITE WAS CHOSEN TO VARIFY THE ACCURACY OF THE ABEM ""WADI"" WATER/FAULT LOCATION UNIT. RESULTS FROM UNIT CORRELATED WITH DRILLING TRIALS.","STEEL CASING USED."
"243","2617SEW069",NA,NA,"Borehole",31.4,9.1,"Bedrock Met",1988-03-04,276740,179920,"to 500m","KILLYSHANE (PALATINE)","CARLOW","Carlow",2,"Domestic use only","Poor",NA,21.8,NA,NA,NA,NA,150,13,18.3,NA,NA,NA,NA,"1)FOGARTY DRILLING 2) ADDRES OF OWNER GIVEN AS ""BUSHFIELD, CASTLEDERMOT"" (I.E. KILDARE) , BUT LOCATION OF WELL ON WELLCARD IS GIVEN AS PALATINE.",NA
"244","2617SEW073","ILC 1558A",NA,"Borehole",16.4,5.4,"Bedrock Met",1970-08-26,279720,178470,"to 500m","GREENANE","CARLOW","Carlow",3,"Agri & domestic use","Moderate","III",79.6,NA,NA,NA,44.22,200,NA,NA,NA,NA,NA,NA,NA,NA
"245","2617SEW110","Co. Council Pump No.235","Carlow Co. Council","Borehole",21.6,0.9,"Bedrock Met",NA,282860,176110,"to 500m","SLANEYQUARTER",NA,"Carlow",8,NA,"Moderate",NA,43.6,NA,NA,NA,NA,NA,9.1,16.8,NA,NA,NA,NA,NA,NA
"246","2617SEW140","WTB/CLW 1156",NA,"Borehole",15,9,"Bedrock Met",1975-10-01,285250,176000,"to 500m","COPPENAGH",NA,"Carlow",8,NA,"Poor",NA,32.7,NA,NA,NA,NA,NA,NA,NA,NA,NA,NA,NA,NA,NA
"247","2617SEW145","WTB 2191",NA,"Borehole",24.4,NA,"DTB Unknown",NA,275690,171250,"to 500m","CASTLETOWN",NA,"Carlow",12,NA,"Moderate",NA,65.5,NA,NA,NA,NA,NA,NA,NA,NA,NA,NA,NA,NA,NA
"248","2617SEW147","WTB/CLW 975",NA,"Borehole",305,30.5,"Bedrock Met",1972-02-10,286610,170770,"to 500m","RATHGLASS",NA,"Carlow",13,NA,"Poor",NA,37.1,NA,NA,NA,NA,NA,NA,NA,NA,NA,NA,NA,NA,NA
"249","2617SEW163","22/5/8",NA,"Borehole",43.6,17.7,"Bedrock Met",1988-05-22,286370,172720,"to 500m","TULLOW",NA,"Carlow",8,"Domestic use only","Failure",NA,NA,NA,NA,NA,NA,152,NA,NA,NA,NA,NA,NA,"close to proposed meat processing plant by Kerry Co. Op.","Dry well, steel casing/ abandoned, not enough water. Tom cross has drilled a number of deep dry wells on this proposed site."
"250","2617SWW329",NA,NA,"Borehole",9.8,NA,"Bedrock Not Met",NA,271280,174380,"to 500m","MORTARSTOWN UPPER",NA,"Carlow",7,NA,NA,NA,NA,NA,NA,NA,NA,NA,NA,NA,NA,NA,NA,NA,NA,"6 boreholes, not water in all. Liable to flooding. Surface water in places in ground."
"251","2617SWW371","32358",NA,"Borehole",80.2,19.2,"Bedrock Met",1988-03-08,272090,173260,"to 500m","BALLYCARNEY",NA,"Carlow",7,"Domestic use only","Poor",NA,21.8,NA,NA,NA,NA,152,51.8,76.2,NA,NA,NA,NA,NA,NA
"252","2617SWW372","10/ E.S.U , TCD, C. Coxon report",NA,"Dug well",9.1,NA,"DTB Unknown",NA,269390,172420,"to 500m","KILLEESHAL",NA,"Carlow",7,"Agri & domestic use",NA,NA,NA,NA,NA,NA,NA,NA,NA,NA,NA,NA,NA,NA,"site in framyard used previously for silage storage and for animal housing, septic tank w. soakaway pit 73m away.",NA
"253","2617SWW384","CW 12/9",NA,"Borehole",61,4.3,"Bedrock Met",NA,272950,170100,"to 500m","BALLYBAR UPPER",NA,"Carlow",12,"Domestic use only","Good",NA,109.1,NA,NA,NA,NA,NA,61,NA,NA,NA,NA,NA,NA,NA
"254","2617SWW432",NA,"Ballinabranagh GWSS","Borehole",91,NA,"DTB Unknown",NA,268500,171500,"to 500m","BALLINABRANAGH",NA,"Carlow",12,"Agri & domestic use","Excellent","III",535,NA,NA,NA,11.5,NA,NA,NA,NA,NA,NA,NA,NA,NA
"255","2915NWW101","ESB XIV-5-20",NA,"Borehole",12.5,NA,"DTB Unknown",1962-08-22,290500,168330,"to 500m","LEANY",NA,"Carlow",14,NA,NA,NA,NA,NA,NA,NA,NA,NA,NA,NA,NA,NA,NA,NA,NA,NA
"256","2915NWW102","W/CLW 54",NA,"Borehole",13.7,3.1,"Bedrock Met",1963-03-01,290500,168280,"to 500m","LEANY",NA,"Carlow",14,NA,"Poor",NA,21.8,NA,NA,NA,NA,NA,NA,NA,NA,NA,NA,NA,NA,"Date 11/7/1962"
"257","2917NWW104",NA,NA,"Borehole",70.1,12.2,"Bedrock Met",NA,296550,181430,"to 500m","KILMACART",NA,"Carlow",4,"Agri & domestic use",NA,NA,NA,NA,NA,NA,NA,NA,NA,NA,NA,NA,NA,NA,NA,NA
"258","2917NWW336","WG 169",NA,"Borehole",48.8,3.1,"Bedrock Met",1998-08-21,299770,180860,"to 500m","RATHNAGREW",NA,"Carlow",5,"Agri & domestic use","Poor","III",21.8,NA,NA,NA,72.7,152,30.1,NA,NA,NA,NA,NA,"2 miles from Hackettstown, on Knockananna Rd",NA
"259","2917SWW216","WTB/CLW 766",NA,"Borehole",15.7,9.4,"Bedrock Met",1972-04-01,295220,176010,"to 500m","BALLAGHADAN",NA,"Carlow",9,NA,"Poor",NA,32.7,NA,NA,NA,NA,NA,NA,NA,NA,NA,NA,NA,NA,NA
"260","2917SWW217","WTB/CLW 965",NA,"Borehole",24.4,6.1,"Bedrock Met",1972-11-08,293680,177070,"to 500m","BALLYDUFF",NA,"Carlow",9,NA,"Poor",NA,27.3,NA,NA,NA,NA,NA,NA,NA,NA,NA,NA,NA,NA,NA
"261","2917SWW220","WTB/CLW 782",NA,"Dug well",9.1,9.1,"Bedrock Met",1970-03-08,293250,174670,"to 500m","CRECRIN",NA,"Carlow",9,NA,"Poor",NA,32.7,NA,NA,NA,NA,NA,NA,NA,NA,NA,NA,NA,NA,NA
"262","2917SWW222","WTB/CLW 1146",NA,"Borehole",25.6,3.1,"Bedrock Met",1974-05-21,292120,176430,"to 500m","KNOCKBALLYSTINE",NA,"Carlow",9,NA,"Poor",NA,39.3,NA,NA,NA,NA,NA,NA,NA,NA,NA,NA,NA,NA,NA
"263","2917SWW224","KT&C NO.656",NA,"Borehole",8.5,NA,"DTB Unknown",1993-12-01,293250,174610,"to 500m","CRECRIN",NA,"Carlow",9,NA,NA,NA,NA,NA,NA,NA,NA,NA,NA,NA,NA,NA,NA,NA,NA,NA
"264","2917SWW225","KT&C No.656",NA,"Borehole",23.8,NA,"DTB Unknown",1993-12-01,293250,174580,"to 500m","CRECRIN",NA,"Carlow",9,NA,NA,NA,NA,NA,NA,NA,NA,NA,NA,NA,NA,NA,NA,NA,NA,NA
"265","2917SWW226","KT&C No. 656",NA,"Borehole",91.4,NA,"DTB Unknown",1993-12-01,293250,174540,"to 500m","CRECRIN",NA,"Carlow",9,NA,NA,NA,NA,NA,NA,NA,NA,NA,NA,NA,NA,NA,NA,NA,NA,NA
"266","2917SWW227","WTB/CLW 1103",NA,"Dug well",5.5,5.5,"Bedrock Met",1973-10-15,294170,175900,"to 500m","BALLINAKILL",NA,"Carlow",9,NA,"Poor",NA,2834,NA,NA,NA,NA,NA,NA,NA,NA,NA,NA,NA,NA,NA
"267","2917SWW230","ESB IX-9-8",NA,"Dug well",8.2,NA,"DTB Unknown",NA,292120,176390,"to 500m","KNOCKBALLYSTINE",NA,"Carlow",9,NA,NA,NA,NA,NA,NA,NA,NA,NA,NA,NA,NA,NA,NA,NA,NA,NA
"268","2917SWW233","WTB/CLW 1172",NA,"Borehole",21.9,4.6,"Bedrock Met",1975-07-01,299980,178450,"to 500m","BLINDENNIS",NA,"Carlow",10,NA,"Poor",NA,32.7,NA,NA,NA,NA,NA,NA,NA,NA,NA,NA,NA,NA,NA
